{"median_volume": 21926048.09313, "median_depth": 724725.14052, "median_spread": 0.07852479873429748, "median_trades": 134358.0, "min_depth": 37934.190084999995, "max_depth": 1726517.252656355, "normal_coins": ["PEPE", "SUI", "ASTER", "TAO", "INIT", "ADA", "LTC", "WLFI", "BCH", "NEAR", "ORCA", "AVAX"], "special_coins": ["PAXG", "EUR", "FDUSD"]}